model,dataset,diversity_start,diversity_end,diversity_change,diversity_change_pct,repetition_start,repetition_end,repetition_change,repetition_change_pct,token_usage_pct,hit_limit_pct,self_regulation,avg_steps,tokens_per_step,efficiency,net_change_last,improved_pct,degraded_pct
AIDC-AIMarco-o1_7b_model,arc-easy,0.571367161269355,0.135035278760933,-0.43633188250842203,-76.36628635413045,0.0954271931541407,0.3504589309667219,0.25503173781258126,267.252686978476,98.166,98.0,Weak,8.04,488.3880597014926,Poor,0,0.0,0.0
AIDC-AIMarco-o1_7b_model,boolq,0.6587876505763297,0.3811327252034022,-0.2776549253729275,-42.14634641830727,0.1374907311803517,0.2805381974131486,0.1430474662327969,104.04153429452363,60.5795,60.0,Moderate,2.94,824.2108843537414,Poor,0,0.0,0.0
AIDC-AIMarco-o1_7b_model,gpqa,0.5965637365415829,0.1618651078056118,-0.4346986287359711,-72.867088981308,0.1071572816939075,0.3298678166349046,0.22271053494099713,207.83518527202384,98.2325,98.0,Weak,45.12,87.08554964539007,Good,1,2.0,0.0
AIDC-AIMarco-o1_7b_model,gsm8k,0.4838425889704584,0.2111683991877659,-0.27267418978269253,-56.35597113575733,0.1758793119180627,0.3349719069912408,0.1590925950731781,90.45554780615412,86.62,82.0,Weak,34.96,99.10755148741418,Good,0,6.0,6.0
QwenQwQ-32B-Preview_model,arc-easy,0.598337870170865,0.5729436129663619,-0.025394257204503168,-4.2441333685349765,0.0872410196366978,0.1000038945201106,0.012762874883412809,14.629442590838456,3.88,0.0,Strong,1.2,258.6666666666667,Poor,0,0.0,0.0
QwenQwQ-32B-Preview_model,boolq,0.7377566291862406,0.7232590661750375,-0.014497563011203085,-1.9650874607787896,0.0582816347454046,0.082084877050816,0.023803242305411407,40.84175471294283,2.81875,2.0,Strong,2.78,81.11510791366906,Good,0,0.0,0.0
QwenQwQ-32B-Preview_model,gpqa,0.5546222596787294,0.3754875802608229,-0.17913467941790645,-32.29850160029135,0.1201149500180609,0.2066548267535211,0.0865398767354602,72.04754838797982,19.84375,2.0,Strong,21.24,74.74105461393597,Good,0,0.0,0.0
QwenQwQ-32B-Preview_model,gsm8k,0.4516706037587956,0.396244920400612,-0.0554256833581836,-12.271262042942785,0.2199930119470041,0.2603557967183125,0.04036278477130839,18.347303132079354,6.17025,0.0,Strong,8.98,54.96881959910913,Good,0,0.0,0.0
SkyworkSkywork-o1-Open-Llama-3.1-8B_model,arc-easy,0.4244884866957684,0.304552362090492,-0.11993612460527636,-28.25427034284555,0.2394471285057449,0.2415683056465906,0.002121177140845698,0.8858645138418547,45.332,42.0,Strong,1.7,1066.6352941176472,Poor,0,0.0,0.0
SkyworkSkywork-o1-Open-Llama-3.1-8B_model,boolq,0.6504379975221741,0.625312296215019,-0.02512570130715508,-3.8628895302658757,0.1030016275536806,0.1033556367520294,0.00035400919834879807,0.3436928199647153,13.665,12.0,Strong,1.02,535.8823529411765,Poor,0,0.0,0.0
SkyworkSkywork-o1-Open-Llama-3.1-8B_model,gpqa,0.4489345190137535,0.2673134872525342,-0.1816210317612193,-40.45601843231289,0.2513695736974802,0.3160682775739127,0.0646987038764325,25.738478577481498,42.851,32.0,Strong,11.46,149.56719022687608,Poor,-1,0.0,2.0
SkyworkSkywork-o1-Open-Llama-3.1-8B_model,gsm8k,0.4510933442868808,0.4352305211834169,-0.01586282310346393,-3.516527854903505,0.2166356480279339,0.2265384869464727,0.009902838918538798,4.571195465144261,7.321,0.0,Strong,5.48,53.43795620437955,Good,0,0.0,0.0
deepseek-aiDeepSeek-R1-Distill-Llama-70B_model,arc-easy,0.5782253522597655,0.4421576681904077,-0.13606768406935776,-23.53194710982335,0.0730834776686879,0.1493646471630252,0.07628116949433729,104.37539636543517,7.7655,0.0,Strong,1.28,485.34375,Poor,0,0.0,0.0
deepseek-aiDeepSeek-R1-Distill-Llama-70B_model,boolq,0.5407586342698443,0.4737507155013046,-0.06700791876853968,-12.39146534553566,0.1293127501296671,0.1612524040007072,0.03193965387104011,24.699539557400907,11.14125,6.0,Strong,2.92,305.23972602739724,Poor,0,0.0,0.0
deepseek-aiDeepSeek-R1-Distill-Llama-70B_model,gpqa,0.602803740839597,0.2443451985666855,-0.3584585422729115,-59.46521529107357,0.0807011614864586,0.2808684705655766,0.200167309079118,248.03522699323906,52.9155,18.0,Moderate,77.78,54.42581640524556,Good,6,16.0,4.0
deepseek-aiDeepSeek-R1-Distill-Llama-70B_model,gsm8k,0.453410843053193,0.3585173782258543,-0.09489346482733874,-20.92880359638997,0.2464907663402183,0.3567911275271491,0.11030036118693079,44.74827305891409,8.915000000000001,2.0,Strong,15.7,45.426751592356695,Good,0,0.0,0.0
deepseek-aiDeepSeek-R1-Distill-Qwen-1.5B_model,arc-easy,0.5207965939171836,0.4711107000825716,-0.04968589383461197,-9.540364590501326,0.1830440427037181,0.2088479460415576,0.025803903337839496,14.097100870748717,16.1945,10.0,Strong,1.24,522.4032258064516,Poor,0,0.0,0.0
deepseek-aiDeepSeek-R1-Distill-Qwen-1.5B_model,boolq,0.4773991857537671,0.3347180459889705,-0.14268113976479663,-29.887177025557115,0.2853337147391367,0.3392528774557631,0.05391916271662639,18.89687756174254,33.787,32.0,Strong,5.34,253.0861423220974,Poor,0,0.0,0.0
deepseek-aiDeepSeek-R1-Distill-Qwen-1.5B_model,gpqa,0.5305745865854435,0.321911154798886,-0.20866343178655755,-39.32782252716404,0.1611636968922389,0.2718149728604077,0.11065127596816879,68.65769283150354,42.8555,34.0,Strong,33.88,50.59681227863046,Good,-1,2.0,4.0
deepseek-aiDeepSeek-R1-Distill-Qwen-1.5B_model,gsm8k,0.3476070141597525,0.0539065605456655,-0.293700453614087,-84.49209643367804,0.358720033519863,0.5342589966473433,0.17553896312748035,48.934808966491815,95.94,94.0,Weak,102.0,37.62352941176471,Good,-1,2.0,4.0
deepseek-aiDeepSeek-R1-Distill-Qwen-14B_model,arc-easy,0.5459796914463232,0.5096405879285772,-0.03633910351774594,-6.655761026840051,0.2088394496008133,0.2387519486197763,0.029912499018963007,14.323203339282559,7.762,0.0,Strong,1.5,206.98666666666668,Poor,0,0.0,0.0
deepseek-aiDeepSeek-R1-Distill-Qwen-14B_model,boolq,0.7519189146129266,0.7260023925419825,-0.02591652207094408,-3.446717666928941,0.0469365400951885,0.0662412233981749,0.019304683302986396,41.129327521449184,1.8985,0.0,Strong,1.24,61.24193548387097,Good,0,0.0,0.0
deepseek-aiDeepSeek-R1-Distill-Qwen-14B_model,gpqa,0.5544033301279971,0.2942484544678022,-0.26015487566019496,-46.9252007559428,0.1306213036205609,0.2888583067396436,0.15823700311908268,121.14180362090248,57.010000000000005,36.0,Moderate,39.02,58.44182470527935,Good,1,4.0,2.0
deepseek-aiDeepSeek-R1-Distill-Qwen-14B_model,gsm8k,0.4395126360701302,0.2945761855664869,-0.1449364505036433,-32.97662879492655,0.2562663005479429,0.3779232603519641,0.12165695980402119,47.472866913791236,30.964,16.0,Strong,21.66,57.18190212373037,Good,-2,2.0,6.0
deepseek-aiDeepSeek-R1-Distill-Qwen-7B_model,arc-easy,0.5606347401230609,0.4216667409274759,-0.138967999195585,-24.787618256599856,0.0992050299067039,0.1815318656759813,0.0823268357692774,82.98655405547544,19.6595,4.0,Strong,3.04,258.67763157894734,Poor,1,2.0,0.0
deepseek-aiDeepSeek-R1-Distill-Qwen-7B_model,boolq,0.4833642171914022,0.3548541707836657,-0.1285100464077365,-26.586586643596995,0.2413953436462342,0.3147670352683688,0.07337169162213461,30.394824735998682,32.9555,26.0,Strong,9.64,136.74481327800828,Poor,0,0.0,0.0
deepseek-aiDeepSeek-R1-Distill-Qwen-7B_model,gpqa,0.577008918501612,0.2171909677121951,-0.35981795078941686,-62.35916625410213,0.1034459593591652,0.3099755008912303,0.20652954153206513,199.64969420892785,80.16749999999999,68.0,Weak,50.88,63.02476415094339,Good,-1,10.0,12.0
deepseek-aiDeepSeek-R1-Distill-Qwen-7B_model,gsm8k,0.4523583222557408,0.1728912038127946,-0.2794671184429462,-61.78003248604973,0.234107840273911,0.4007865388470929,0.16667869857318193,71.19740132503227,66.03949999999999,50.0,Moderate,65.02,40.62719163334359,Good,0,2.0,2.0
deepseek-r1-685b_model,arc-easy,0.4151961905556092,0.3821296639188339,-0.033066526636775284,-7.964072741738349,0.1471354613212292,0.1662518877013471,0.0191164263801179,12.992399118783826,15.787,0.0,Strong,2.34,539.7264957264957,Poor,-1,0.0,2.0
deepseek-r1-685b_model,boolq,0.7150561731879653,0.5715026624051316,-0.14355351078283374,-20.07583685947679,0.0574564525046,0.1118243397848447,0.0543678872802447,94.62451110411311,7.77925,0.0,Strong,2.0,311.17,Poor,0,2.0,2.0
deepseek-r1-685b_model,gpqa,0.2300115647250439,0.2216044923160307,-0.0084070724090132,-3.655065091645729,0.2503153585765788,0.2607611501614897,0.010445791584910935,4.173052602249839,74.28378378378379,37.83783783783784,Weak,121.89189189189187,48.75388026607538,Good,5,22.0,12.0
deepseek-r1-685b_model,gsm8k,0.5104356989503318,0.2958125701322563,-0.2146231288180755,-42.04704515366577,0.1339975215176917,0.2270954658400735,0.0930979443223818,69.47736291532084,19.4375,0.0,Strong,31.94,48.6850344395742,Good,0,0.0,0.0
glm_4.5_model,arc-easy,0.6898187308682904,0.6266685223509204,-0.06315020851736997,-9.154609130123413,0.0606764339926014,0.0645749481927148,0.003898514200113397,6.425087869515806,14.569,0.0,Strong,2.22,525.009009009009,Poor,1,2.0,0.0
glm_4.5_model,boolq,0.7123965789083081,0.2241884110272543,-0.4882081678810538,-68.53039196639526,0.0749565259107435,0.2523238544023763,0.1773673284916328,236.6269331943662,11.4345,0.0,Strong,1.0,914.76,Poor,0,0.0,0.0
glm_4.5_model,gpqa,0.765463451372861,0.5423720732120293,-0.2230913781608317,-29.144615299491655,0.0523005752103845,0.1242186943447987,0.07191811913441419,137.50923167692912,73.15775,38.0,Weak,8.26,708.5496368038741,Poor,17,36.0,2.0
glm_4.5_model,gsm8k,0.5206418481167301,0.6758892052488282,0.15524735713209814,29.818455372663593,0.1712288704140037,0.0801513940040126,-0.0910774764099911,-53.19049070976203,12.06575,0.0,Strong,3.42,282.2397660818713,Poor,1,4.0,2.0
glm_4.7_355 billion_32b_model,arc-easy,0.6813620384956235,0.6600921005412677,-0.021269937954355833,-3.121679335308677,0.0698838797652602,0.0652538652643149,-0.004630014500945301,-6.6252968731809245,15.21575,0.0,Strong,1.62,751.395061728395,Poor,1,4.0,2.0
glm_4.7_355 billion_32b_model,boolq,0.7112314134487514,0.2836788925796802,-0.4275525208690712,-60.114403383263806,0.0717604559432716,0.2305936200737156,0.158833164130444,221.33800857676476,8.71025,0.0,Strong,1.0,696.82,Poor,0,0.0,0.0
glm_4.7_355 billion_32b_model,gpqa,0.7449723364266811,0.6102585339307647,-0.13471380249591647,-18.08306106265394,0.0688286229208883,0.0869449516503804,0.018116328729492093,26.320922838039372,67.58225,42.0,Moderate,4.56,1185.65350877193,Poor,6,18.0,6.0
glm_4.7_355 billion_32b_model,gsm8k,0.5157119603719214,0.687928426779751,0.17221646640782962,33.39392522206204,0.1626450158206301,0.0810014815087524,-0.0816435343118777,-50.197378567023954,13.02525,0.0,Strong,3.24,321.6111111111111,Poor,1,4.0,2.0
kimi2.5_1t_32b_sctive_model,arc-easy,0.6238396469122076,0.6553350524130006,0.031495405500792995,5.048638004443042,0.080040714332681,0.0631209801597291,-0.01691973417295191,-21.13890950876172,9.89725,0.0,Strong,1.16,682.5689655172414,Poor,0,0.0,0.0
kimi2.5_1t_32b_sctive_model,boolq,0.6856578784544176,0.2856060606060606,-0.400051817848357,-58.34568965358318,0.0806001927263737,0.218863361547763,0.1382631688213893,171.54198289670757,5.82425,0.0,Strong,1.0,465.94,Poor,0,0.0,0.0
kimi2.5_1t_32b_sctive_model,gpqa,0.7580189831243173,0.609658696333299,-0.1483602867910182,-19.572107044011418,0.053569830380072,0.0847271061016397,0.031157275721567693,58.16198315452985,70.929,40.0,Weak,5.06,1121.407114624506,Poor,10,24.0,4.0
kimi2.5_1t_32b_sctive_model,gsm8k,0.5328892860226178,0.7433783519579932,0.21048906593537542,39.499586772784454,0.1585820571735724,0.0548350119251225,-0.10374704524844991,-65.42167953773983,7.439500000000001,0.0,Strong,1.82,327.01098901098896,Poor,-2,6.0,10.0
nvidiaOpenReasoning-Nemotron-7B_model,arc-easy,0.4967040732854246,0.3966527490925028,-0.10005132419292179,-20.14304483777176,0.1848712171274182,0.2639986054891273,0.0791273883617091,42.80135631236332,17.826,2.0,Strong,1.88,379.2765957446808,Poor,1,2.0,0.0
nvidiaOpenReasoning-Nemotron-7B_model,boolq,0.4350378745621125,0.2458136879078555,-0.18922418665425703,-43.496025913771454,0.244071650093053,0.4422902996332009,0.19821864954014787,81.21330333308946,44.0495,26.0,Strong,6.7,262.9820895522388,Poor,0,0.0,0.0
nvidiaOpenReasoning-Nemotron-7B_model,gpqa,0.5037819363837076,0.2012200742973452,-0.3025618620863624,-60.05810058578894,0.1477438579594643,0.3584580619824532,0.21071420402298893,142.62129535076951,85.21799999999999,68.0,Weak,55.54,61.37414476053295,Good,3,22.0,16.0
nvidiaOpenReasoning-Nemotron-7B_model,gsm8k,0.4090603333283741,0.2393190284039311,-0.169741304924443,-41.49542038049013,0.2533667443415723,0.3790548154392462,0.12568807109767388,49.60716980608534,45.423,18.0,Strong,27.38,66.35938641344048,Good,8,16.0,0.0
qwenqwen3-32b_o1_model,arc-easy,0.6199590136342411,0.4967731197559265,-0.12318589387831463,-19.870006108337822,0.0706177521147692,0.1278466845635752,0.057228932448806,81.04043350997146,7.307999999999999,0.0,Strong,1.6,365.4,Poor,0,4.0,4.0
qwenqwen3-32b_o1_model,boolq,0.7414571465547057,0.7386396424415907,-0.002817504113114988,-0.3799955433981522,0.0613040892227814,0.06795554964182,0.006651460419038607,10.849945743206375,2.8115,0.0,Strong,1.2,187.4333333333333,Poor,-2,6.0,10.0
qwenqwen3-32b_o1_model,gpqa,0.7046206205145776,0.2412960766650355,-0.46332454384954214,-65.75517808592951,0.0678523826368222,0.3002609033293354,0.23240852069251322,342.5207953808678,51.59857954545455,20.454545454545457,Moderate,66.68181818181819,61.90422631220177,Good,-4,12.0,20.0
qwenqwen3-32b_o1_model,gsm8k,0.5499382399995885,0.3249856116595164,-0.22495262834007207,-40.90507114766931,0.1190064253831555,0.2017634375616396,0.08275701217848411,69.53995291601942,20.34,2.0,Strong,28.82,56.46079111727967,Good,0,2.0,2.0
